{
    "type": "table",
    "name": "baziny",
    "database": "drd",
    "data": 
[
{
    "id": "1",
    "nazev": "Bublající bažina",
    "rod": "F",
    "pad2": "Bublající bažiny",
    "pad3": "Bublající bažině",
    "pad4": "Bublající bažinu",
    "pad5": "Bublající bažino",
    "pad6": "Bublající bažině",
    "pad7": "Bublající bažinou"
},
{
    "id": "2",
    "nazev": "Smrtící bažina",
    "rod": "F",
    "pad2": "Smrtící bažiny",
    "pad3": "Smrtící bažině",
    "pad4": "Smrtící bažinu",
    "pad5": "Smrtící bažino",
    "pad6": "Smrtící bažině",
    "pad7": "Smrtící bažinou"
},
{
    "id": "3",
    "nazev": "Smrtelná bažina",
    "rod": "F",
    "pad2": "Smrtelné bažiny",
    "pad3": "Smrtelné bažině",
    "pad4": "Smrtelnou bažinu",
    "pad5": "Smrtelná bažino",
    "pad6": "Smrtelné bažině",
    "pad7": "Smrtelnou bažinou"
},
{
    "id": "4",
    "nazev": "Krvavá bažina",
    "rod": "F",
    "pad2": "Krvavé bažiny",
    "pad3": "Krvavé bažině",
    "pad4": "Krvavou bažinu",
    "pad5": "Krvavá bažino",
    "pad6": "Krvavé bažině",
    "pad7": "Krvavou bažinou"
},
{
    "id": "5",
    "nazev": "Zrádná bažina",
    "rod": "F",
    "pad2": "Zrádné bažiny",
    "pad3": "Zrádné bažině",
    "pad4": "Zrádnou bažinu",
    "pad5": "Zrádná bažino",
    "pad6": "Zrádné bažině",
    "pad7": "Zrádnou bažinou"
},
{
    "id": "6",
    "nazev": "Bažina smrti",
    "rod": "F",
    "pad2": "Bažiny smrti",
    "pad3": "Bažině smrti",
    "pad4": "Bažinu smrti",
    "pad5": "Bažino smrti",
    "pad6": "Bažině smrti",
    "pad7": "Bažinou smrti"
},
{
    "id": "7",
    "nazev": "Bažina strachu",
    "rod": "F",
    "pad2": "Bažiny strachu",
    "pad3": "Bažině strachu",
    "pad4": "Bažinu strachu",
    "pad5": "Bažino strachu",
    "pad6": "Bažině strachu",
    "pad7": "Bažinou strachu"
},
{
    "id": "8",
    "nazev": "Bublavá bažina",
    "rod": "F",
    "pad2": "Bublavé bažiny",
    "pad3": "Bublavé bažině",
    "pad4": "Bublavou bažinu",
    "pad5": "Bublavá bažino",
    "pad6": "Bublavé bažině",
    "pad7": "Bublavou bažinou"
},
{
    "id": "9",
    "nazev": "Bažina krkavců",
    "rod": "F",
    "pad2": "Bažiny krkavců",
    "pad3": "Bažině krkavců",
    "pad4": "Bažinu krkavců",
    "pad5": "Bažino krkavců",
    "pad6": "Bažině krkavců",
    "pad7": "Bažinou krkavců"
},
{
    "id": "10",
    "nazev": "Písečná bažina",
    "rod": "F",
    "pad2": "Písečné bažiny",
    "pad3": "Písečné bažině",
    "pad4": "Písečnou bažinu",
    "pad5": "Písečná bažino",
    "pad6": "Písečné bažině",
    "pad7": "Písečnou bažinou"
},
{
    "id": "11",
    "nazev": "Bažina komárů",
    "rod": "F",
    "pad2": "Bažiny komárů",
    "pad3": "Bažině komárů",
    "pad4": "Bažinu komárů",
    "pad5": "Bažino komárů",
    "pad6": "Bažině komárů",
    "pad7": "Bažinou komárů"
},
{
    "id": "12",
    "nazev": "Bažina nářků",
    "rod": "F",
    "pad2": "Bažiny nářků",
    "pad3": "Bažině nářků",
    "pad4": "Bažinu nářků",
    "pad5": "Bažino nářků",
    "pad6": "Bažině nářků",
    "pad7": "Bažinou nářků"
},
{
    "id": "13",
    "nazev": "Bažina zbloudilých duší",
    "rod": "F",
    "pad2": "Bažiny zbloudilých duší",
    "pad3": "Bažině zbloudilých duší",
    "pad4": "Bažinu zbloudilých duší",
    "pad5": "Bažino zbloudilých duší",
    "pad6": "Bažině zbloudilých duší",
    "pad7": "Bažinou zbloudilých duší"
},
{
    "id": "14",
    "nazev": "Bažina mrtvých",
    "rod": "F",
    "pad2": "Bažiny mrtvých",
    "pad3": "Bažině mrtvých",
    "pad4": "Bažinu mrtvých",
    "pad5": "Bažino mrtvých",
    "pad6": "Bažině mrtvých",
    "pad7": "Bažinou mrtvých"
},
{
    "id": "15",
    "nazev": "Bažina stínů",
    "rod": "F",
    "pad2": "Bažiny stínů",
    "pad3": "Bažině stínů",
    "pad4": "Bažinu stínů",
    "pad5": "Bažino stínů",
    "pad6": "Bažině stínů",
    "pad7": "Bažinou stínů"
},
{
    "id": "16",
    "nazev": "Bažina duchů",
    "rod": "F",
    "pad2": "Bažiny duchů",
    "pad3": "Bažině duchů",
    "pad4": "Bažinu duchů",
    "pad5": "Bažino duchů",
    "pad6": "Bažině duchů",
    "pad7": "Bažinou duchů"
},
{
    "id": "17",
    "nazev": "Hnědá bažina",
    "rod": "F",
    "pad2": "Hnědé bažiny",
    "pad3": "Hnědé bažině",
    "pad4": "Hnědou bažinu",
    "pad5": "Hnědá bažino",
    "pad6": "Hnědé bažině",
    "pad7": "Hnědou bažinou"
},
{
    "id": "18",
    "nazev": "Zelená bažina",
    "rod": "F",
    "pad2": "Zelené bažiny",
    "pad3": "Zelené bažině",
    "pad4": "Zelenou bažinu",
    "pad5": "Zelená bažino",
    "pad6": "Zelené bažině",
    "pad7": "Zelenou bažinou"
},
{
    "id": "19",
    "nazev": "Černá bažina",
    "rod": "F",
    "pad2": "Černé bažiny",
    "pad3": "Černé bažině",
    "pad4": "Černou bažinu",
    "pad5": "Černá bažino",
    "pad6": "Černé bažině",
    "pad7": "Černou bažinou"
},
{
    "id": "20",
    "nazev": "Bažina výkřiků",
    "rod": "F",
    "pad2": "Bažiny výkřiků",
    "pad3": "Bažině výkřiků",
    "pad4": "Bažinu výkřiků",
    "pad5": "Bažino výkřiků",
    "pad6": "Bažině výkřiků",
    "pad7": "Bažinou výkřiků"
},
{
    "id": "21",
    "nazev": "Tichá bažina",
    "rod": "F",
    "pad2": "Tiché bažiny",
    "pad3": "Tiché bažině",
    "pad4": "Tichou bažinu",
    "pad5": "Tichá bažino",
    "pad6": "Tiché bažině",
    "pad7": "Tichou bažinou"
},
{
    "id": "22",
    "nazev": "Bažina blesků",
    "rod": "F",
    "pad2": "Bažiny blesků",
    "pad3": "Bažině blesků",
    "pad4": "Bažinu blesků",
    "pad5": "Bažino blesků",
    "pad6": "Bažině blesků",
    "pad7": "Bažinou blesků"
},
{
    "id": "23",
    "nazev": "Bažina hromů",
    "rod": "F",
    "pad2": "Bažiny hromů",
    "pad3": "Bažině hromů",
    "pad4": "Bažinu hromů",
    "pad5": "Bažino hromů",
    "pad6": "Bažině hromů",
    "pad7": "Bažinou hromů"
},
{
    "id": "24",
    "nazev": "Blátěná bažina",
    "rod": "F",
    "pad2": "Blátěné bažiny",
    "pad3": "Blátěné bažině",
    "pad4": "Blátěnou bažinu",
    "pad5": "Blátěná bažino",
    "pad6": "Blátěné bažině",
    "pad7": "Blátěnou bažinou"
},
{
    "id": "25",
    "nazev": "Zapáchající bažina",
    "rod": "F",
    "pad2": "Zapáchající bažiny",
    "pad3": "Zapáchající bažině",
    "pad4": "Zapáchající bažinu",
    "pad5": "Zapáchající bažino",
    "pad6": "Zapáchající bažině",
    "pad7": "Zapáchající bažinou"
},
{
    "id": "26",
    "nazev": "Páchnoucí bažina",
    "rod": "F",
    "pad2": "Páchnoucí bažiny",
    "pad3": "Páchnoucí bažině",
    "pad4": "Páchnoucí bažinu",
    "pad5": "Páchnoucí bažino",
    "pad6": "Páchnoucí bažině",
    "pad7": "Páchnoucí bažinou"
},
{
    "id": "27",
    "nazev": "Smradlavá bažina",
    "rod": "F",
    "pad2": "Smradlavé bažiny",
    "pad3": "Smradlavé bažině",
    "pad4": "Smradlavou bažinu",
    "pad5": "Smradlavá bažino",
    "pad6": "Smradlavé bažině",
    "pad7": "Smradlavou bažinou"
},
{
    "id": "28",
    "nazev": "Bažina umrlců",
    "rod": "F",
    "pad2": "Bažiny umrlců",
    "pad3": "Bažině umrlců",
    "pad4": "Bažinu umrlců",
    "pad5": "Bažino umrlců",
    "pad6": "Bažině umrlců",
    "pad7": "Bažinou umrlců"
},
{
    "id": "29",
    "nazev": "Bažina kostí",
    "rod": "F",
    "pad2": "Bažiny kostí",
    "pad3": "Bažině kostí",
    "pad4": "Bažinu kostí",
    "pad5": "Bažino kostí",
    "pad6": "Bažině kostí",
    "pad7": "Bažinou kostí"
},
{
    "id": "30",
    "nazev": "Bažina pijavic",
    "rod": "F",
    "pad2": "Bažiny pijavic",
    "pad3": "Bažině pijavic",
    "pad4": "Bažinu pijavic",
    "pad5": "Bažino pijavic",
    "pad6": "Bažině pijavic",
    "pad7": "Bažinou pijavic"
},
{
    "id": "31",
    "nazev": "Slepá bažina",
    "rod": "F",
    "pad2": "Slepé bažiny",
    "pad3": "Slepé bažině",
    "pad4": "Slepou bažinu",
    "pad5": "Slepá bažino",
    "pad6": "Slepé bažině",
    "pad7": "Slepou bažinou"
},
{
    "id": "32",
    "nazev": "Bzučící bažina",
    "rod": "F",
    "pad2": "Bzučící bažiny",
    "pad3": "Bzučící bažině",
    "pad4": "Bzučící bažinu",
    "pad5": "Bzučící bažino",
    "pad6": "Bzučící bažině",
    "pad7": "Bzučící bažinou"
},
{
    "id": "33",
    "nazev": "Hluboká bažina",
    "rod": "F",
    "pad2": "Hluboké bažiny",
    "pad3": "Hluboké bažině",
    "pad4": "Hlubokou bažinu",
    "pad5": "Hluboká bažino",
    "pad6": "Hluboké bažině",
    "pad7": "Hlubokou bažinou"
},
{
    "id": "34",
    "nazev": "Dlouhá bažina",
    "rod": "F",
    "pad2": "Dlouhé bažiny",
    "pad3": "Dlouhé bažině",
    "pad4": "Dlouhou bažinu",
    "pad5": "Dlouhá bažino",
    "pad6": "Dlouhé bažině",
    "pad7": "Dlouhou bažinou"
},
{
    "id": "35",
    "nazev": "Velká bažina",
    "rod": "F",
    "pad2": "Velké bažiny",
    "pad3": "Velké bažině",
    "pad4": "Velkou bažinu",
    "pad5": "Velká bažino",
    "pad6": "Velké bažině",
    "pad7": "Velkou bažinou"
},
{
    "id": "36",
    "nazev": "Malá bažina",
    "rod": "F",
    "pad2": "Malé bažiny",
    "pad3": "Malé bažině",
    "pad4": "Malou bažinu",
    "pad5": "Malá bažino",
    "pad6": "Malé bažině",
    "pad7": "Malou bažinou"
},
{
    "id": "37",
    "nazev": "Široká bažina",
    "rod": "F",
    "pad2": "Široké bažiny",
    "pad3": "Široké bažině",
    "pad4": "Širokou bažinu",
    "pad5": "Široká bažino",
    "pad6": "Široké bažině",
    "pad7": "Širokou bažinou"
},
{
    "id": "38",
    "nazev": "Úzká bažina",
    "rod": "F",
    "pad2": "Úzké bažiny",
    "pad3": "Úzké bažině",
    "pad4": "Úzkou bažinu",
    "pad5": "Úzká bažino",
    "pad6": "Úzké bažině",
    "pad7": "Úzkou bažinou"
},
{
    "id": "39",
    "nazev": "Prázdná bažina",
    "rod": "F",
    "pad2": "Prázdné bažiny",
    "pad3": "Prázdné bažině",
    "pad4": "Prázdnou bažinu",
    "pad5": "Prázdná bažino",
    "pad6": "Prázdné bažině",
    "pad7": "Prázdnou bažinou"
},
{
    "id": "40",
    "nazev": "Bludná bažina",
    "rod": "F",
    "pad2": "Bludné bažiny",
    "pad3": "Bludné bažině",
    "pad4": "Bludnou bažinu",
    "pad5": "Bludná bažino",
    "pad6": "Bludné bažině",
    "pad7": "Bludnou bažinou"
},
{
    "id": "41",
    "nazev": "Zlověstná bažina",
    "rod": "F",
    "pad2": "Zlověstné bažiny",
    "pad3": "Zlověstné bažině",
    "pad4": "Zlověstnou bažinu",
    "pad5": "Zlověstná bažino",
    "pad6": "Zlověstné bažině",
    "pad7": "Zlověstnou bažinou"
}
]

}
